[{"model": "auth.permission", "pk": 1, "fields": {"name": "Can add log entry", "content_type": 1, "codename": "add_logentry"}}, {"model": "auth.permission", "pk": 2, "fields": {"name": "Can change log entry", "content_type": 1, "codename": "change_logentry"}}, {"model": "auth.permission", "pk": 3, "fields": {"name": "Can delete log entry", "content_type": 1, "codename": "delete_logentry"}}, {"model": "auth.permission", "pk": 4, "fields": {"name": "Can view log entry", "content_type": 1, "codename": "view_logentry"}}, {"model": "auth.permission", "pk": 5, "fields": {"name": "Can add permission", "content_type": 2, "codename": "add_permission"}}, {"model": "auth.permission", "pk": 6, "fields": {"name": "Can change permission", "content_type": 2, "codename": "change_permission"}}, {"model": "auth.permission", "pk": 7, "fields": {"name": "Can delete permission", "content_type": 2, "codename": "delete_permission"}}, {"model": "auth.permission", "pk": 8, "fields": {"name": "Can view permission", "content_type": 2, "codename": "view_permission"}}, {"model": "auth.permission", "pk": 9, "fields": {"name": "Can add group", "content_type": 3, "codename": "add_group"}}, {"model": "auth.permission", "pk": 10, "fields": {"name": "Can change group", "content_type": 3, "codename": "change_group"}}, {"model": "auth.permission", "pk": 11, "fields": {"name": "Can delete group", "content_type": 3, "codename": "delete_group"}}, {"model": "auth.permission", "pk": 12, "fields": {"name": "Can view group", "content_type": 3, "codename": "view_group"}}, {"model": "auth.permission", "pk": 13, "fields": {"name": "Can add content type", "content_type": 4, "codename": "add_contenttype"}}, {"model": "auth.permission", "pk": 14, "fields": {"name": "Can change content type", "content_type": 4, "codename": "change_contenttype"}}, {"model": "auth.permission", "pk": 15, "fields": {"name": "Can delete content type", "content_type": 4, "codename": "delete_contenttype"}}, {"model": "auth.permission", "pk": 16, "fields": {"name": "Can view content type", "content_type": 4, "codename": "view_contenttype"}}, {"model": "auth.permission", "pk": 17, "fields": {"name": "Can add session", "content_type": 5, "codename": "add_session"}}, {"model": "auth.permission", "pk": 18, "fields": {"name": "Can change session", "content_type": 5, "codename": "change_session"}}, {"model": "auth.permission", "pk": 19, "fields": {"name": "Can delete session", "content_type": 5, "codename": "delete_session"}}, {"model": "auth.permission", "pk": 20, "fields": {"name": "Can view session", "content_type": 5, "codename": "view_session"}}, {"model": "auth.permission", "pk": 21, "fields": {"name": "Can add user", "content_type": 6, "codename": "add_customuser"}}, {"model": "auth.permission", "pk": 22, "fields": {"name": "Can change user", "content_type": 6, "codename": "change_customuser"}}, {"model": "auth.permission", "pk": 23, "fields": {"name": "Can delete user", "content_type": 6, "codename": "delete_customuser"}}, {"model": "auth.permission", "pk": 24, "fields": {"name": "Can view user", "content_type": 6, "codename": "view_customuser"}}, {"model": "auth.permission", "pk": 25, "fields": {"name": "Can add query", "content_type": 7, "codename": "add_query"}}, {"model": "auth.permission", "pk": 26, "fields": {"name": "Can change query", "content_type": 7, "codename": "change_query"}}, {"model": "auth.permission", "pk": 27, "fields": {"name": "Can delete query", "content_type": 7, "codename": "delete_query"}}, {"model": "auth.permission", "pk": 28, "fields": {"name": "Can view query", "content_type": 7, "codename": "view_query"}}, {"model": "auth.permission", "pk": 29, "fields": {"name": "Can add message", "content_type": 8, "codename": "add_message"}}, {"model": "auth.permission", "pk": 30, "fields": {"name": "Can change message", "content_type": 8, "codename": "change_message"}}, {"model": "auth.permission", "pk": 31, "fields": {"name": "Can delete message", "content_type": 8, "codename": "delete_message"}}, {"model": "auth.permission", "pk": 32, "fields": {"name": "Can view message", "content_type": 8, "codename": "view_message"}}, {"model": "auth.permission", "pk": 33, "fields": {"name": "Can add answer", "content_type": 9, "codename": "add_answer"}}, {"model": "auth.permission", "pk": 34, "fields": {"name": "Can change answer", "content_type": 9, "codename": "change_answer"}}, {"model": "auth.permission", "pk": 35, "fields": {"name": "Can delete answer", "content_type": 9, "codename": "delete_answer"}}, {"model": "auth.permission", "pk": 36, "fields": {"name": "Can view answer", "content_type": 9, "codename": "view_answer"}}, {"model": "auth.permission", "pk": 37, "fields": {"name": "Can add profile", "content_type": 10, "codename": "add_profile"}}, {"model": "auth.permission", "pk": 38, "fields": {"name": "Can change profile", "content_type": 10, "codename": "change_profile"}}, {"model": "auth.permission", "pk": 39, "fields": {"name": "Can delete profile", "content_type": 10, "codename": "delete_profile"}}, {"model": "auth.permission", "pk": 40, "fields": {"name": "Can view profile", "content_type": 10, "codename": "view_profile"}}, {"model": "auth.permission", "pk": 41, "fields": {"name": "Can add post", "content_type": 11, "codename": "add_post"}}, {"model": "auth.permission", "pk": 42, "fields": {"name": "Can change post", "content_type": 11, "codename": "change_post"}}, {"model": "auth.permission", "pk": 43, "fields": {"name": "Can delete post", "content_type": 11, "codename": "delete_post"}}, {"model": "auth.permission", "pk": 44, "fields": {"name": "Can view post", "content_type": 11, "codename": "view_post"}}, {"model": "auth.permission", "pk": 45, "fields": {"name": "Can add notification", "content_type": 12, "codename": "add_notification"}}, {"model": "auth.permission", "pk": 46, "fields": {"name": "Can change notification", "content_type": 12, "codename": "change_notification"}}, {"model": "auth.permission", "pk": 47, "fields": {"name": "Can delete notification", "content_type": 12, "codename": "delete_notification"}}, {"model": "auth.permission", "pk": 48, "fields": {"name": "Can view notification", "content_type": 12, "codename": "view_notification"}}, {"model": "contenttypes.contenttype", "pk": 1, "fields": {"app_label": "admin", "model": "logentry"}}, {"model": "contenttypes.contenttype", "pk": 2, "fields": {"app_label": "auth", "model": "permission"}}, {"model": "contenttypes.contenttype", "pk": 3, "fields": {"app_label": "auth", "model": "group"}}, {"model": "contenttypes.contenttype", "pk": 4, "fields": {"app_label": "contenttypes", "model": "contenttype"}}, {"model": "contenttypes.contenttype", "pk": 5, "fields": {"app_label": "sessions", "model": "session"}}, {"model": "contenttypes.contenttype", "pk": 6, "fields": {"app_label": "community", "model": "customuser"}}, {"model": "contenttypes.contenttype", "pk": 7, "fields": {"app_label": "community", "model": "query"}}, {"model": "contenttypes.contenttype", "pk": 8, "fields": {"app_label": "community", "model": "message"}}, {"model": "contenttypes.contenttype", "pk": 9, "fields": {"app_label": "community", "model": "answer"}}, {"model": "contenttypes.contenttype", "pk": 10, "fields": {"app_label": "community", "model": "profile"}}, {"model": "contenttypes.contenttype", "pk": 11, "fields": {"app_label": "community", "model": "post"}}, {"model": "contenttypes.contenttype", "pk": 12, "fields": {"app_label": "community", "model": "notification"}}, {"model": "sessions.session", "pk": "gg22g56ooyh0z7vxjjnpwekxjpgyoeo6", "fields": {"session_data": ".eJxVjEEOwiAQRe_C2hAIMAWX7j0DGWZAqgaS0q6Md9cmXej2v_f-S0Tc1hq3kZc4szgLI06_W0J65LYDvmO7dUm9rcuc5K7Igw557Zyfl8P9O6g46rfWSTkAT8Z6F2wAsJYcgra6-Mm7BMUUnjRxIQUcSnLKs0LIHJxOwYv3B7sbN2Q:1uZY4H:jBiVmEIWAT98_GjlraO27coB24wu6qqYJ132IilNy_I", "expire_date": "2025-07-23T16:54:49.865Z"}}, {"model": "community.customuser", "pk": 1, "fields": {"password": "pbkdf2_sha256$1000000$R7Q6IvttiiZToNdVcSMBxS$jUtLzuCDioQDNLChWOGRvijnn0MnvNSZ/jjqs1pqvhg=", "last_login": "2025-07-09T06:47:24.187Z", "is_superuser": true, "username": "kushal", "first_name": "", "last_name": "", "email": "", "is_staff": true, "is_active": true, "date_joined": "2025-07-04T14:58:48.277Z", "role": "", "college": "", "profile_picture": "avatars/default.png", "groups": [], "user_permissions": []}}, {"model": "community.customuser", "pk": 2, "fields": {"password": "pbkdf2_sha256$1000000$3wolP26braaQ4YjY75K5bE$dcyAyEKIBNcjZxxXHU+egijdsY9NQdBZzJrZQjEj0yU=", "last_login": null, "is_superuser": false, "username": "kushal004", "first_name": "", "last_name": "", "email": "kushalsharmaa43@gmail.com", "is_staff": false, "is_active": true, "date_joined": "2025-07-04T15:18:57.421Z", "role": "junior", "college": "igmc", "profile_picture": "avatars/default.png", "groups": [], "user_permissions": []}}, {"model": "community.customuser", "pk": 3, "fields": {"password": "pbkdf2_sha256$1000000$R2Iy8XsAeWLDoV1StBieCl$u2bqQG950/yq8tDK66omTYtLUk8hgcKTnWxvWTdEkdI=", "last_login": "2025-07-09T16:54:49.858Z", "is_superuser": false, "username": "diwakar", "first_name": "", "last_name": "", "email": "yashthakurg088@gmail.com", "is_staff": false, "is_active": true, "date_joined": "2025-07-04T15:19:54.916Z", "role": "junior", "college": "igmc", "profile_picture": "avatars/default.png", "groups": [], "user_permissions": []}}, {"model": "community.customuser", "pk": 4, "fields": {"password": "pbkdf2_sha256$1000000$bfG8YMaTnHQXJe0rN7zT6z$IwQYDR4OQbr6EkwS1KXBecayfArOv23aDWeFCS+i0kA=", "last_login": "2025-07-04T16:06:41.511Z", "is_superuser": false, "username": "komal", "first_name": "", "last_name": "", "email": "kushalsharmaa43@gmail.com", "is_staff": false, "is_active": true, "date_joined": "2025-07-04T16:06:28.435Z", "role": "Senior", "college": "igmc", "profile_picture": "avatars/default.png", "groups": [], "user_permissions": []}}, {"model": "community.customuser", "pk": 5, "fields": {"password": "pbkdf2_sha256$1000000$WTqg1b7kq4OGi240eWagd6$bxaxMMIEFKEhAia2DRfudcHqs6pg1v95lXRqfFmLgO0=", "last_login": null, "is_superuser": false, "username": "arjun", "first_name": "", "last_name": "", "email": "", "is_staff": false, "is_active": true, "date_joined": "2025-07-05T06:11:32.253Z", "role": "", "college": "", "profile_picture": "avatars/default.png", "groups": [], "user_permissions": []}}, {"model": "community.customuser", "pk": 6, "fields": {"password": "pbkdf2_sha256$1000000$iTFV9YT7YqyeC4QfnxMiKU$Qry07SX/qfEndOzs4U2+irWSQJ9AjlN3wnIDvwL97Kg=", "last_login": null, "is_superuser": false, "username": "diya", "first_name": "", "last_name": "", "email": "", "is_staff": false, "is_active": true, "date_joined": "2025-07-09T06:19:50.159Z", "role": "Doctor", "college": "AIIMS Delhi", "profile_picture": "avatars/default.png", "groups": [], "user_permissions": []}}, {"model": "community.customuser", "pk": 7, "fields": {"password": "pbkdf2_sha256$1000000$dzq7wzCo5Pwt72zmX3LBJ0$cfyWZ5IZUy8I1mj7TWFkPZHjXT09d4bS4ddtBFnbrEM=", "last_login": null, "is_superuser": false, "username": "tanmay", "first_name": "", "last_name": "", "email": "", "is_staff": false, "is_active": true, "date_joined": "2025-07-09T06:23:34.465Z", "role": "Junior", "college": "AIIMS Delhi", "profile_picture": "avatars/default.png", "groups": [], "user_permissions": []}}, {"model": "community.customuser", "pk": 8, "fields": {"password": "pbkdf2_sha256$1000000$QpZy2HUylqHN42SbtbO4XB$7jb8pRR638dTbu30PdTEHIscSFSmIyb4JLYgOWWYH9Y=", "last_login": null, "is_superuser": false, "username": "sakshi", "first_name": "", "last_name": "", "email": "", "is_staff": false, "is_active": true, "date_joined": "2025-07-09T06:25:40.073Z", "role": "Senior", "college": "AIIMS Delhi", "profile_picture": "avatars/default.png", "groups": [], "user_permissions": []}}, {"model": "community.customuser", "pk": 9, "fields": {"password": "pbkdf2_sha256$1000000$xR8sI1dEd8UIF8IHK6KziG$rnq7vsorqsVmSQNKxdZSfdIsxDiyAYxzDK5LvESDxkQ=", "last_login": "2025-07-09T15:02:54.888Z", "is_superuser": false, "username": "shivam", "first_name": "", "last_name": "", "email": "kushalsharmajii98056@gmail.com", "is_staff": false, "is_active": true, "date_joined": "2025-07-09T07:16:51.541Z", "role": "Junior", "college": "tanda", "profile_picture": "avatars/default.png", "groups": [], "user_permissions": []}}, {"model": "community.customuser", "pk": 10, "fields": {"password": "pbkdf2_sha256$1000000$1FGhGY6MsKeM4wRI4D7YJd$8lZqDU+mVsfRqqYjZar/S7mKO0UBJSP/zvzEzSzKBxE=", "last_login": "2025-07-09T16:39:48.013Z", "is_superuser": false, "username": "paras", "first_name": "", "last_name": "", "email": "kushalsharmaa43@gmail.com", "is_staff": false, "is_active": true, "date_joined": "2025-07-09T07:40:03.913Z", "role": "Senior", "college": "tanda", "profile_picture": "avatars/default.png", "groups": [], "user_permissions": []}}, {"model": "community.profile", "pk": 1, "fields": {"user": 1, "following": []}}, {"model": "community.profile", "pk": 2, "fields": {"user": 2, "following": []}}, {"model": "community.profile", "pk": 3, "fields": {"user": 3, "following": [1, 2, 4, 5, 6, 7, 8, 9]}}, {"model": "community.profile", "pk": 4, "fields": {"user": 4, "following": []}}, {"model": "community.profile", "pk": 5, "fields": {"user": 5, "following": []}}, {"model": "community.profile", "pk": 6, "fields": {"user": 6, "following": []}}, {"model": "community.profile", "pk": 7, "fields": {"user": 7, "following": []}}, {"model": "community.profile", "pk": 8, "fields": {"user": 8, "following": []}}, {"model": "community.profile", "pk": 9, "fields": {"user": 9, "following": [1, 2, 3, 4, 5, 6, 7, 8]}}, {"model": "community.profile", "pk": 10, "fields": {"user": 10, "following": []}}, {"model": "community.query", "pk": 1, "fields": {"title": "antiphospholipid syndrome", "body": "which drug preferred in apla in case io pregnancy?", "author": 3, "created_at": "2025-07-04T16:02:14.500Z", "is_anonymous": true}}, {"model": "community.query", "pk": 2, "fields": {"title": "How to study anatomy efficiently?", "body": "I'm struggling with anatomy memorization. Any tips or mnemonics that helped?", "author": 1, "created_at": "2025-07-05T07:49:28.121Z", "is_anonymous": false}}, {"model": "community.query", "pk": 3, "fields": {"title": "How to study anatomy efficiently?", "body": "I'm struggling with anatomy memorization. Any tips or mnemonics that helped?", "author": 1, "created_at": "2025-07-05T07:53:00.266Z", "is_anonymous": false}}, {"model": "community.query", "pk": 4, "fields": {"title": "Is NEET PG really tough?", "body": "I am worried about NEET PG preparation. What are some smart strategies to crack it?", "author": 1, "created_at": "2025-07-05T07:53:10.790Z", "is_anonymous": true}}, {"model": "community.query", "pk": 5, "fields": {"title": "Best books for pharmacology?", "body": "Which books helped you master pharmacology? Any suggestions apart from KDT?", "author": 1, "created_at": "2025-07-05T07:53:19.597Z", "is_anonymous": false}}, {"model": "community.query", "pk": 6, "fields": {"title": "How to handle 2nd year stress?", "body": "2nd year is getting intense with subjects like pathology and pharma. How do you stay motivated?", "author": 1, "created_at": "2025-07-05T07:53:34.788Z", "is_anonymous": true}}, {"model": "community.query", "pk": 7, "fields": {"title": "How do you manage clinical rotations and theory studies together in 2nd year?", "body": "I'm currently in 2nd year MBBS, and it's getting really tough to juggle between attending clinical postings and keeping up with the vast syllabus of pathology, pharmacology, and microbiology.\r\n\r\nSeniors or doctors, please share your strategies or routine that helped you manage both effectively. Any apps, notes, or time management tips would be a huge help!", "author": 3, "created_at": "2025-07-09T06:30:28.946Z", "is_anonymous": false}}, {"model": "community.answer", "pk": 1, "fields": {"query": 1, "author": 4, "body": "in case of history of thrombosis and abortion - LMWH and aspirin \r\notherwisw aspirin", "created_at": "2025-07-04T16:08:52.618Z"}}, {"model": "community.answer", "pk": 4, "fields": {"query": 3, "author": 10, "body": "Managing clinical rotations alongside theory in 2nd year MBBS can feel overwhelming, but with the right approach, it becomes manageable. One of the most effective strategies is to sync your theory revision with your clinical postings—for example, if you're seeing cardiac patients, revise related pathology and pharmacology topics the same day. Allocate fixed time slots daily, such as mornings for clinicals, afternoons for one subject, and evenings for revision or MCQs. Use tools like Anki or short notes for spaced repetition, especially in microbiology and pharmacology. Weekly revision days (like Sundays) help reinforce what you’ve studied. Resources like Dr. Gobind Rai Garg for pharma, Sketchy for micro, and visual pathology guides are incredibly useful. Ultimately, consistency and smart planning—not long hours—are the key to balancing both clinical exposure and academic excellence in second year.", "created_at": "2025-07-09T08:11:02.229Z"}}, {"model": "community.answer", "pk": 5, "fields": {"query": 7, "author": 10, "body": "Managing clinical rotations alongside theory in 2nd year MBBS can feel overwhelming, but with the right approach, it becomes manageable. One of the most effective strategies is to sync your theory revision with your clinical postings—for example, if you're seeing cardiac patients, revise related pathology and pharmacology topics the same day. Allocate fixed time slots daily, such as mornings for clinicals, afternoons for one subject, and evenings for revision or MCQs. Use tools like Anki or short notes for spaced repetition, especially in microbiology and pharmacology. Weekly revision days (like Sundays) help reinforce what you’ve studied. Resources like Dr. Gobind Rai Garg for pharma, Sketchy for micro, and visual pathology guides are incredibly useful. Ultimately, consistency and smart planning—not long hours—are the key to balancing both clinical exposure and academic excellence in second year.", "created_at": "2025-07-09T08:17:40.726Z"}}, {"model": "community.message", "pk": 1, "fields": {"sender": 3, "receiver": 5, "content": "Hi Arjun, need help?", "timestamp": "2025-07-05T06:11:33.187Z"}}, {"model": "community.message", "pk": 2, "fields": {"sender": 5, "receiver": 3, "content": "Sure! How can I help?", "timestamp": "2025-07-05T06:11:33.196Z"}}, {"model": "community.message", "pk": 20, "fields": {"sender": 3, "receiver": 1, "content": "hi", "timestamp": "2025-07-08T06:43:27.483Z"}}, {"model": "community.message", "pk": 22, "fields": {"sender": 3, "receiver": 1, "content": "hi kese ho", "timestamp": "2025-07-09T06:31:21.530Z"}}, {"model": "community.message", "pk": 23, "fields": {"sender": 1, "receiver": 3, "content": "hi kese ho", "timestamp": "2025-07-09T07:09:14.986Z"}}, {"model": "community.message", "pk": 24, "fields": {"sender": 3, "receiver": 1, "content": "hi", "timestamp": "2025-07-09T07:11:00.068Z"}}, {"model": "community.message", "pk": 27, "fields": {"sender": 9, "receiver": 3, "content": "hi", "timestamp": "2025-07-09T07:26:46.595Z"}}, {"model": "community.message", "pk": 28, "fields": {"sender": 9, "receiver": 3, "content": "😭😭", "timestamp": "2025-07-09T07:27:05.127Z"}}, {"model": "community.message", "pk": 29, "fields": {"sender": 10, "receiver": 3, "content": "hi", "timestamp": "2025-07-09T08:01:43.984Z"}}, {"model": "community.message", "pk": 31, "fields": {"sender": 9, "receiver": 3, "content": "kya kar raha", "timestamp": "2025-07-09T08:16:47.360Z"}}, {"model": "community.message", "pk": 32, "fields": {"sender": 3, "receiver": 9, "content": "hi'", "timestamp": "2025-07-09T08:39:54.979Z"}}, {"model": "community.message", "pk": 33, "fields": {"sender": 3, "receiver": 9, "content": "kese ho", "timestamp": "2025-07-09T08:42:36.568Z"}}, {"model": "community.message", "pk": 34, "fields": {"sender": 3, "receiver": 9, "content": "hi", "timestamp": "2025-07-09T15:02:30.201Z"}}, {"model": "community.message", "pk": 35, "fields": {"sender": 3, "receiver": 9, "content": "kese ho", "timestamp": "2025-07-09T15:02:38.003Z"}}, {"model": "community.message", "pk": 36, "fields": {"sender": 9, "receiver": 3, "content": "hi", "timestamp": "2025-07-09T16:17:48.556Z"}}, {"model": "community.message", "pk": 37, "fields": {"sender": 3, "receiver": 9, "content": "or", "timestamp": "2025-07-09T17:05:51.665Z"}}, {"model": "community.post", "pk": 1, "fields": {"title": "\"How I Balanced Academics and Mental Health in MBBS\"", "body": "Starting MBBS felt like a storm — lectures, practicals, endless exams. In 2nd year, I was overwhelmed. What helped me most was setting realistic daily goals, using apps like Notion to plan, and talking to seniors and friends openly when I felt low.\r\n\r\nI also took small breaks for walks, music, and journaling, which kept me grounded. If you're feeling lost, you're not alone — reach out, ask for help, and take things one step at a time.\r\n\r\nStay strong! 💙\r\n— Dr. Aayushi (Batch 2019)", "author": 9, "created_at": "2025-07-09T16:39:28.594Z"}}, {"model": "community.post", "pk": 2, "fields": {"title": "\"Smart Study Tips That Helped Me Crack Prof Exams\"", "body": "Hey juniors! I’m Dr. Paras, and I want to share a few tips that really helped me during MBBS.\r\n\r\n📌 Use concise notes — I made quick revision notes after every class. During exams, they saved me.\r\n\r\n🧠 Active recall & spaced repetition — I used Anki for short bursts daily. It made retention so much easier.\r\n\r\n📚 Focus on important topics — Don’t try to memorize every line. Learn what's clinically relevant and high-yield.\r\n\r\n🤝 Group discussions once a week helped me clarify doubts and boost confidence.\r\n\r\nMost importantly, don’t ignore your mental health. Sleep well, eat right, and talk to friends or mentors when overwhelmed.\r\n\r\nYou got this!\r\n— Dr. Paras (Batch 2018) 💪", "author": 10, "created_at": "2025-07-09T16:40:46.510Z"}}, {"model": "community.notification", "pk": 1, "fields": {"recipient": 2, "sender": 3, "type": "follow", "message": "diwakar started following you.", "is_read": false, "timestamp": "2025-07-09T06:13:49.023Z"}}, {"model": "community.notification", "pk": 2, "fields": {"recipient": 2, "sender": 3, "type": "follow", "message": "diwakar started following you.", "is_read": false, "timestamp": "2025-07-09T06:13:52.811Z"}}, {"model": "community.notification", "pk": 3, "fields": {"recipient": 6, "sender": 3, "type": "follow", "message": "diwakar started following you.", "is_read": false, "timestamp": "2025-07-09T06:27:35.102Z"}}, {"model": "community.notification", "pk": 4, "fields": {"recipient": 7, "sender": 3, "type": "follow", "message": "diwakar started following you.", "is_read": false, "timestamp": "2025-07-09T06:27:36.152Z"}}, {"model": "community.notification", "pk": 5, "fields": {"recipient": 8, "sender": 3, "type": "follow", "message": "diwakar started following you.", "is_read": false, "timestamp": "2025-07-09T06:27:37.167Z"}}, {"model": "community.notification", "pk": 6, "fields": {"recipient": 3, "sender": 1, "type": "message", "message": "kushal sent you a message.", "is_read": true, "timestamp": "2025-07-09T07:09:14.997Z"}}, {"model": "community.notification", "pk": 7, "fields": {"recipient": 1, "sender": 3, "type": "message", "message": "diwakar sent you a message.", "is_read": false, "timestamp": "2025-07-09T07:11:00.074Z"}}, {"model": "community.notification", "pk": 8, "fields": {"recipient": 1, "sender": 3, "type": "message", "message": "diwakar sent you a message.", "is_read": false, "timestamp": "2025-07-09T07:13:04.724Z"}}, {"model": "community.notification", "pk": 9, "fields": {"recipient": 1, "sender": 3, "type": "message", "message": "diwakar sent you a message.", "is_read": false, "timestamp": "2025-07-09T07:13:57.224Z"}}, {"model": "community.notification", "pk": 10, "fields": {"recipient": 3, "sender": 9, "type": "follow", "message": "shivam started following you.", "is_read": true, "timestamp": "2025-07-09T07:17:10.046Z"}}, {"model": "community.notification", "pk": 11, "fields": {"recipient": 4, "sender": 9, "type": "follow", "message": "shivam started following you.", "is_read": false, "timestamp": "2025-07-09T07:17:12.070Z"}}, {"model": "community.notification", "pk": 12, "fields": {"recipient": 5, "sender": 9, "type": "follow", "message": "shivam started following you.", "is_read": false, "timestamp": "2025-07-09T07:17:13.143Z"}}, {"model": "community.notification", "pk": 13, "fields": {"recipient": 6, "sender": 9, "type": "follow", "message": "shivam started following you.", "is_read": false, "timestamp": "2025-07-09T07:17:14.239Z"}}, {"model": "community.notification", "pk": 14, "fields": {"recipient": 7, "sender": 9, "type": "follow", "message": "shivam started following you.", "is_read": false, "timestamp": "2025-07-09T07:17:15.260Z"}}, {"model": "community.notification", "pk": 15, "fields": {"recipient": 8, "sender": 9, "type": "follow", "message": "shivam started following you.", "is_read": false, "timestamp": "2025-07-09T07:17:16.339Z"}}, {"model": "community.notification", "pk": 16, "fields": {"recipient": 2, "sender": 9, "type": "follow", "message": "shivam started following you.", "is_read": false, "timestamp": "2025-07-09T07:17:17.497Z"}}, {"model": "community.notification", "pk": 17, "fields": {"recipient": 1, "sender": 9, "type": "follow", "message": "shivam started following you.", "is_read": false, "timestamp": "2025-07-09T07:17:18.561Z"}}, {"model": "community.notification", "pk": 18, "fields": {"recipient": 9, "sender": 3, "type": "follow", "message": "diwakar started following you.", "is_read": true, "timestamp": "2025-07-09T07:18:29.948Z"}}, {"model": "community.notification", "pk": 19, "fields": {"recipient": 3, "sender": 9, "type": "message", "message": "shivam sent you a message.", "is_read": true, "timestamp": "2025-07-09T07:26:46.605Z"}}, {"model": "community.notification", "pk": 20, "fields": {"recipient": 3, "sender": 9, "type": "message", "message": "shivam sent you a message.", "is_read": true, "timestamp": "2025-07-09T07:27:05.133Z"}}, {"model": "community.notification", "pk": 21, "fields": {"recipient": 3, "sender": 10, "type": "message", "message": "paras sent you a message.", "is_read": true, "timestamp": "2025-07-09T08:01:44.001Z"}}, {"model": "community.notification", "pk": 22, "fields": {"recipient": 3, "sender": 10, "type": "answer", "message": "paras answered your query: How do you manage clinical rotations and theory studies together in 2nd year?", "is_read": true, "timestamp": "2025-07-09T08:08:01.342Z"}}, {"model": "community.notification", "pk": 23, "fields": {"recipient": 1, "sender": 10, "type": "answer", "message": "paras answered your query: How to study anatomy efficiently?", "is_read": false, "timestamp": "2025-07-09T08:11:02.243Z"}}, {"model": "community.notification", "pk": 24, "fields": {"recipient": 9, "sender": 3, "type": "message", "message": "diwakar sent you a message.", "is_read": true, "timestamp": "2025-07-09T08:16:09.200Z"}}, {"model": "community.notification", "pk": 25, "fields": {"recipient": 3, "sender": 9, "type": "message", "message": "shivam sent you a message.", "is_read": true, "timestamp": "2025-07-09T08:16:47.366Z"}}, {"model": "community.notification", "pk": 26, "fields": {"recipient": 3, "sender": 10, "type": "answer", "message": "paras answered your query: How do you manage clinical rotations and theory studies together in 2nd year?", "is_read": true, "timestamp": "2025-07-09T08:17:40.739Z"}}, {"model": "community.notification", "pk": 27, "fields": {"recipient": 9, "sender": 3, "type": "message", "message": "diwakar sent you a message.", "is_read": true, "timestamp": "2025-07-09T08:39:54.986Z"}}, {"model": "community.notification", "pk": 28, "fields": {"recipient": 9, "sender": 3, "type": "message", "message": "diwakar sent you a message.", "is_read": true, "timestamp": "2025-07-09T08:42:36.574Z"}}, {"model": "community.notification", "pk": 29, "fields": {"recipient": 9, "sender": 3, "type": "message", "message": "diwakar sent you a message.", "is_read": true, "timestamp": "2025-07-09T15:02:30.205Z"}}, {"model": "community.notification", "pk": 30, "fields": {"recipient": 9, "sender": 3, "type": "message", "message": "diwakar sent you a message.", "is_read": true, "timestamp": "2025-07-09T15:02:38.009Z"}}, {"model": "community.notification", "pk": 31, "fields": {"recipient": 3, "sender": 9, "type": "message", "message": "shivam sent you a message.", "is_read": true, "timestamp": "2025-07-09T16:17:48.561Z"}}, {"model": "community.notification", "pk": 32, "fields": {"recipient": 1, "sender": 9, "type": "follow", "message": "shivam started following you.", "is_read": false, "timestamp": "2025-07-09T16:21:18.370Z"}}, {"model": "community.notification", "pk": 33, "fields": {"recipient": 9, "sender": 3, "type": "message", "message": "diwakar sent you a message.", "is_read": false, "timestamp": "2025-07-09T17:05:51.671Z"}}]